{"cameraMode":{"drawMode":0,"name":"Shaded","section":"Shading Mode"},"sceneLighting":false,"audioPlay":false,"sceneViewState":{"showFog":true,"showMaterialUpdate":false,"showSkybox":true,"showFlares":true,"showImageEffects":true,"showParticleSystems":true},"in2DMode":false,"pivot":{"x":-9.61278247833252,"y":13.127494812011719,"z":7.986929893493652},"rotation":{"x":0.05892444774508476,"y":0.9259942173957825,"z":-0.16257479786872865,"w":0.3356072008609772},"size":22.0,"orthographic":false}