{"cameraMode":{"drawMode":0,"name":"Shaded","section":"Shading Mode"},"sceneLighting":false,"audioPlay":false,"sceneViewState":{"showFog":true,"showMaterialUpdate":false,"showSkybox":true,"showFlares":true,"showImageEffects":true,"showParticleSystems":true},"in2DMode":false,"pivot":{"x":0.6777658462524414,"y":1.013187050819397,"z":0.8749247789382935},"rotation":{"x":-0.19416223466396333,"y":0.7858999967575073,"z":-0.3037293553352356,"w":-0.5024048686027527},"size":2.8578836917877199,"orthographic":false}