{"cameraMode":{"drawMode":0,"name":"Shaded","section":"Shading Mode"},"sceneLighting":false,"audioPlay":false,"sceneViewState":{"showFog":true,"showMaterialUpdate":false,"showSkybox":true,"showFlares":true,"showImageEffects":true,"showParticleSystems":true},"in2DMode":false,"pivot":{"x":5.715240955352783,"y":4.031258583068848,"z":0.16122370958328248},"rotation":{"x":-0.19503620266914369,"y":0.6846963167190552,"z":-0.19822490215301515,"w":-0.6736904978752136},"size":-4.811938285827637,"orthographic":false}