{"cameraMode":{"drawMode":0,"name":"Shaded","section":"Shading Mode"},"sceneLighting":false,"audioPlay":false,"sceneViewState":{"showFog":true,"showMaterialUpdate":false,"showSkybox":true,"showFlares":true,"showImageEffects":true,"showParticleSystems":true},"in2DMode":false,"pivot":{"x":-1.9823825359344483,"y":0.8065168261528015,"z":-0.31717991828918459},"rotation":{"x":0.10544045269489289,"y":0.6781336069107056,"z":-0.09923338890075684,"w":0.7205344438552856},"size":1.359022855758667,"orthographic":false}