{"cameraMode":{"drawMode":0,"name":"Shaded","section":"Shading Mode"},"sceneLighting":false,"audioPlay":false,"sceneViewState":{"showFog":true,"showMaterialUpdate":false,"showSkybox":true,"showFlares":true,"showImageEffects":true,"showParticleSystems":true},"in2DMode":false,"pivot":{"x":1.7637355327606202,"y":-0.9546849727630615,"z":1.8487825393676758},"rotation":{"x":-0.2766408622264862,"y":-0.5319812893867493,"z":0.18925759196281434,"w":-0.7775907516479492},"size":5.372821807861328,"orthographic":false}