{"cameraMode":{"drawMode":0,"name":"Shaded","section":"Shading Mode"},"sceneLighting":false,"audioPlay":false,"sceneViewState":{"showFog":true,"showMaterialUpdate":false,"showSkybox":true,"showFlares":true,"showImageEffects":true,"showParticleSystems":true},"in2DMode":false,"pivot":{"x":-3.405799388885498,"y":6.914463520050049,"z":-11.763444900512696},"rotation":{"x":-0.3100185692310333,"y":-0.24576376378536225,"z":0.0832999125123024,"w":-0.9146309494972229},"size":2.1051740646362306,"orthographic":false}