{"cameraMode":{"drawMode":0,"name":"Shaded","section":"Shading Mode"},"sceneLighting":false,"audioPlay":false,"sceneViewState":{"showFog":true,"showMaterialUpdate":false,"showSkybox":true,"showFlares":true,"showImageEffects":true,"showParticleSystems":true},"in2DMode":false,"pivot":{"x":0.17025423049926759,"y":0.8711391687393189,"z":-1.2857704162597657},"rotation":{"x":-0.021630147472023965,"y":0.976606011390686,"z":-0.17804336547851563,"w":-0.11863157898187638},"size":4.455262660980225,"orthographic":false}