{"cameraMode":{"drawMode":0,"name":"Shaded","section":"Shading Mode"},"sceneLighting":false,"audioPlay":false,"sceneViewState":{"showFog":true,"showMaterialUpdate":false,"showSkybox":true,"showFlares":true,"showImageEffects":true,"showParticleSystems":true},"in2DMode":false,"pivot":{"x":-49.058937072753909,"y":9.993229866027832,"z":-19.103763580322267},"rotation":{"x":0.09226629883050919,"y":0.8303855061531067,"z":-0.14451532065868379,"w":0.5301529169082642},"size":22.0,"orthographic":false}