{"cameraMode":{"drawMode":0,"name":"Shaded","section":"Shading Mode"},"sceneLighting":false,"audioPlay":false,"sceneViewState":{"showFog":true,"showMaterialUpdate":false,"showSkybox":true,"showFlares":true,"showImageEffects":true,"showParticleSystems":true},"in2DMode":false,"pivot":{"x":0.518190860748291,"y":-0.07304739952087403,"z":0.3523064851760864},"rotation":{"x":0.27276158332824709,"y":0.5819013118743897,"z":-0.21591287851333619,"w":0.7351011633872986},"size":4.1952924728393559,"orthographic":false}