{"cameraMode":{"drawMode":0,"name":"Shaded","section":"Shading Mode"},"sceneLighting":false,"audioPlay":false,"sceneViewState":{"showFog":true,"showMaterialUpdate":false,"showSkybox":true,"showFlares":true,"showImageEffects":true,"showParticleSystems":true},"in2DMode":false,"pivot":{"x":0.37279701232910159,"y":0.9432954788208008,"z":4.558828830718994},"rotation":{"x":-0.2064567357301712,"y":0.7313475012779236,"z":-0.2519969344139099,"w":-0.5991694927215576},"size":3.4032914638519289,"orthographic":false}