{"cameraMode":{"drawMode":0,"name":"Shaded","section":"Shading Mode"},"sceneLighting":false,"audioPlay":false,"sceneViewState":{"showFog":true,"showMaterialUpdate":false,"showSkybox":true,"showFlares":true,"showImageEffects":true,"showParticleSystems":true},"in2DMode":false,"pivot":{"x":0.24525563418865205,"y":-0.03389516845345497,"z":-0.5460006594657898},"rotation":{"x":-0.25199660658836367,"y":-0.020321117714047433,"z":0.005290419794619083,"w":-0.9675003290176392},"size":2.8194050788879396,"orthographic":false}