{"cameraMode":{"drawMode":0,"name":"Shaded","section":"Shading Mode"},"sceneLighting":false,"audioPlay":false,"sceneViewState":{"showFog":true,"showMaterialUpdate":false,"showSkybox":true,"showFlares":true,"showImageEffects":true,"showParticleSystems":true},"in2DMode":false,"pivot":{"x":-1.7131423950195313,"y":-0.0718679428100586,"z":-3.1430649757385256},"rotation":{"x":0.13444183766841889,"y":0.8519945740699768,"z":-0.2661744952201843,"w":0.4303275942802429},"size":14.536272048950196,"orthographic":false}