{"cameraMode":{"drawMode":0,"name":"Shaded","section":"Shading Mode"},"sceneLighting":false,"audioPlay":false,"sceneViewState":{"showFog":true,"showMaterialUpdate":false,"showSkybox":true,"showFlares":true,"showImageEffects":true,"showParticleSystems":true},"in2DMode":false,"pivot":{"x":0.00019019842147827148,"y":0.7641933560371399,"z":-0.781876802444458},"rotation":{"x":-0.3674510717391968,"y":-0.16033481061458589,"z":0.06446749716997147,"w":-0.9138470888137817},"size":1.1460922956466675,"orthographic":false}