{"cameraMode":{"drawMode":0,"name":"Shaded","section":"Shading Mode"},"sceneLighting":true,"audioPlay":false,"sceneViewState":{"showFog":true,"showMaterialUpdate":false,"showSkybox":true,"showFlares":true,"showImageEffects":true,"showParticleSystems":true},"in2DMode":false,"pivot":{"x":-45.51856231689453,"y":-2.067930221557617,"z":-31.3056640625},"rotation":{"x":0.11121904850006104,"y":-0.8884897232055664,"z":0.3266230821609497,"w":0.30254554748535159},"size":26.235408782958986,"orthographic":false}