{"cameraMode":{"drawMode":0,"name":"Shaded","section":"Shading Mode"},"sceneLighting":true,"audioPlay":false,"sceneViewState":{"showFog":true,"showMaterialUpdate":false,"showSkybox":true,"showFlares":true,"showImageEffects":true,"showParticleSystems":true},"in2DMode":false,"pivot":{"x":0.4700004458427429,"y":10.394428253173829,"z":-10.488921165466309},"rotation":{"x":0.3423205316066742,"y":-0.23272956907749177,"z":0.08792445808649063,"w":0.9060479998588562},"size":2.0275204181671144,"orthographic":false}