{"cameraMode":{"drawMode":0,"name":"Shaded","section":"Shading Mode"},"sceneLighting":false,"audioPlay":false,"sceneViewState":{"showFog":true,"showMaterialUpdate":false,"showSkybox":true,"showFlares":true,"showImageEffects":true,"showParticleSystems":true},"in2DMode":false,"pivot":{"x":-1.1678563356399537,"y":0.40928158164024355,"z":-1.028495192527771},"rotation":{"x":-0.10767455399036408,"y":0.8922955989837647,"z":-0.30595913529396059,"w":-0.3140123784542084},"size":4.755262851715088,"orthographic":false}