{"cameraMode":{"drawMode":0,"name":"Shaded","section":"Shading Mode"},"sceneLighting":false,"audioPlay":false,"sceneViewState":{"showFog":true,"showMaterialUpdate":false,"showSkybox":true,"showFlares":true,"showImageEffects":true,"showParticleSystems":true},"in2DMode":false,"pivot":{"x":0.24525563418865205,"y":-0.03389516845345497,"z":-0.5460006594657898},"rotation":{"x":0.09119893610477448,"y":0.9021517038345337,"z":-0.23498256504535676,"w":0.35012608766555788},"size":2.8194050788879396,"orthographic":false}