{"cameraMode":{"drawMode":0,"name":"Shaded","section":"Shading Mode"},"sceneLighting":false,"audioPlay":false,"sceneViewState":{"showFog":true,"showMaterialUpdate":false,"showSkybox":true,"showFlares":true,"showImageEffects":true,"showParticleSystems":true},"in2DMode":false,"pivot":{"x":0.4031554162502289,"y":0.7770693302154541,"z":-0.02245926856994629},"rotation":{"x":-0.2544954717159271,"y":-0.05798310413956642,"z":0.015285812318325043,"w":-0.9652131795883179},"size":2.752833366394043,"orthographic":false}