{"cameraMode":{"drawMode":0,"name":"Shaded","section":"Shading Mode"},"sceneLighting":false,"audioPlay":false,"sceneViewState":{"showFog":true,"showMaterialUpdate":false,"showSkybox":true,"showFlares":true,"showImageEffects":true,"showParticleSystems":true},"in2DMode":false,"pivot":{"x":0.2855105400085449,"y":-0.1901686191558838,"z":0.4527772068977356},"rotation":{"x":0.09730725735425949,"y":0.7740193009376526,"z":-0.12276919931173325,"w":0.6134763956069946},"size":2.2409770488739015,"orthographic":false}