{"cameraMode":{"drawMode":0,"name":"Shaded","section":"Shading Mode"},"sceneLighting":false,"audioPlay":false,"sceneViewState":{"showFog":true,"showMaterialUpdate":false,"showSkybox":true,"showFlares":true,"showImageEffects":true,"showParticleSystems":true},"in2DMode":false,"pivot":{"x":0.0,"y":0.8220716714859009,"z":0.0000019073486328125},"rotation":{"x":-0.2729088366031647,"y":-0.4624846279621124,"z":0.1521155834197998,"w":-0.8297528028488159},"size":13.908455848693848,"orthographic":false}