{"cameraMode":{"drawMode":0,"name":"Shaded","section":"Shading Mode"},"sceneLighting":false,"audioPlay":false,"sceneViewState":{"showFog":true,"showMaterialUpdate":false,"showSkybox":true,"showFlares":true,"showImageEffects":true,"showParticleSystems":true},"in2DMode":false,"pivot":{"x":-0.5816681385040283,"y":0.8498516082763672,"z":0.20498892664909364},"rotation":{"x":-0.6748485565185547,"y":0.21191491186618806,"z":-0.21208903193473817,"w":-0.6743069291114807},"size":6.572822570800781,"orthographic":false}