{"cameraMode":{"drawMode":0,"name":"Shaded","section":"Shading Mode"},"sceneLighting":false,"audioPlay":false,"sceneViewState":{"showFog":true,"showMaterialUpdate":false,"showSkybox":true,"showFlares":true,"showImageEffects":true,"showParticleSystems":true},"in2DMode":false,"pivot":{"x":-0.28882157802581789,"y":0.6606072187423706,"z":-0.6079127788543701},"rotation":{"x":-0.03785540163516998,"y":0.9605764150619507,"z":-0.16471928358078004,"w":-0.22074316442012788},"size":2.930375099182129,"orthographic":false}