{"cameraMode":{"drawMode":0,"name":"Shaded","section":"Shading Mode"},"sceneLighting":false,"audioPlay":false,"sceneViewState":{"showFog":true,"showMaterialUpdate":false,"showSkybox":true,"showFlares":true,"showImageEffects":true,"showParticleSystems":true},"in2DMode":false,"pivot":{"x":1.4769401550292969,"y":0.3012654781341553,"z":-2.1160597801208498},"rotation":{"x":0.010774130001664162,"y":0.9892168641090393,"z":-0.1055552288889885,"w":0.1009555384516716},"size":4.9505205154418949,"orthographic":false}