{"cameraMode":{"drawMode":0,"name":"Shaded","section":"Shading Mode"},"sceneLighting":false,"audioPlay":false,"sceneViewState":{"showFog":true,"showMaterialUpdate":false,"showSkybox":true,"showFlares":true,"showImageEffects":true,"showParticleSystems":true},"in2DMode":false,"pivot":{"x":-34.85283279418945,"y":6.227818489074707,"z":-29.236963272094728},"rotation":{"x":-0.11876112222671509,"y":0.8309302926063538,"z":-0.19440500438213349,"w":-0.5075997114181519},"size":1.8452343940734864,"orthographic":false}