{"cameraMode":{"drawMode":0,"name":"Shaded","section":"Shading Mode"},"sceneLighting":false,"audioPlay":false,"sceneViewState":{"showFog":true,"showMaterialUpdate":false,"showSkybox":true,"showFlares":true,"showImageEffects":true,"showParticleSystems":true},"in2DMode":false,"pivot":{"x":1.4341925382614136,"y":3.6824817657470705,"z":-1.332694172859192},"rotation":{"x":-0.20098745822906495,"y":0.2869645953178406,"z":-0.061711132526397708,"w":-0.9345839619636536},"size":3.6895124912261965,"orthographic":false}