{"cameraMode":{"drawMode":0,"name":"Shaded","section":"Shading Mode"},"sceneLighting":false,"audioPlay":false,"sceneViewState":{"showFog":true,"showMaterialUpdate":false,"showSkybox":true,"showFlares":true,"showImageEffects":true,"showParticleSystems":true},"in2DMode":false,"pivot":{"x":-34.70974349975586,"y":6.277791976928711,"z":-29.50665855407715},"rotation":{"x":-0.09404677152633667,"y":0.8768031001091003,"z":-0.1913132667541504,"w":-0.4310113191604614},"size":1.8452343940734864,"orthographic":false}