{"cameraMode":{"drawMode":0,"name":"Shaded","section":"Shading Mode"},"sceneLighting":false,"audioPlay":false,"sceneViewState":{"showFog":true,"showMaterialUpdate":false,"showSkybox":true,"showFlares":true,"showImageEffects":true,"showParticleSystems":true},"in2DMode":false,"pivot":{"x":-0.6586074829101563,"y":0.8461557030677795,"z":-0.9747820496559143},"rotation":{"x":-0.041098520159721377,"y":0.9579339027404785,"z":-0.17760996520519257,"w":-0.2216491550207138},"size":4.455262660980225,"orthographic":false}