{"cameraMode":{"drawMode":0,"name":"Shaded","section":"Shading Mode"},"sceneLighting":false,"audioPlay":false,"sceneViewState":{"showFog":true,"showMaterialUpdate":false,"showSkybox":true,"showFlares":true,"showImageEffects":true,"showParticleSystems":true},"in2DMode":false,"pivot":{"x":-0.10138833522796631,"y":-0.078666090965271,"z":-0.8843348026275635},"rotation":{"x":0.15485209226608277,"y":0.3006168007850647,"z":-0.04953140765428543,"w":0.9397856593132019},"size":3.3000569343566896,"orthographic":false}