{"cameraMode":{"drawMode":0,"name":"Shaded","section":"Shading Mode"},"sceneLighting":true,"audioPlay":false,"sceneViewState":{"showFog":true,"showMaterialUpdate":false,"showSkybox":true,"showFlares":true,"showImageEffects":true,"showParticleSystems":true},"in2DMode":false,"pivot":{"x":-23.21643829345703,"y":4.064312934875488,"z":-8.955949783325196},"rotation":{"x":0.2585587501525879,"y":0.21285882592201234,"z":-0.0585206039249897,"w":0.9404328465461731},"size":22.556663513183595,"orthographic":false}